Date,BBCA,BBRI,BMRI,BBNI
23/2/2024,9825,6125,7050,5900
22/2/2024,9875,6250,7100,5950
21/2/2024,9975,6300,7250,6000
20/2/2024,10025,6300,7150,6025
19/2/2024,9875,6100,7150,5875
16/2/2024,9950,6150,7200,6000
15/2/2024,9850,6125,7200,6000
13/2/2024,9725,6000,7025,5875
12/2/2024,9800,6025,7100,5950
7/2/2024,9700,5850,6950,5750
6/2/2024,9625,5825,6850,5775
5/2/2024,9575,5775,6825,5750
2/2/2024,9700,5850,6675,5775
1/2/2024,9700,5750,6550,5725
31/1/2024,9550,5700,6650,5750
30/1/2024,9650,5625,6650,5650
29/1/2024,9550,5575,6475,5575
26/1/2024,9350,5425,6300,5425
25/1/2024,9500,5525,6275,5400
24/1/2024,9525,5650,6400,5475
23/1/2024,9600,5700,6500,5425
22/1/2024,9625,5775,6500,5525
19/1/2024,9625,5800,6525,5500
18/1/2024,9675,5750,6525,5550
17/1/2024,9750,5775,6525,5550
16/1/2024,9700,5825,6525,5600
15/1/2024,9725,5825,6500,5625
12/1/2024,9700,5850,6575,5600
11/1/2024,9575,5750,6450,5600
10/1/2024,9550,5700,6425,5600
9/1/2024,9625,5700,6375,5650
8/1/2024,9575,5625,6400,5575
5/1/2024,9575,5750,6425,5575
4/1/2024,9475,5700,6350,5600
3/1/2024,9350,5600,6100,5350
2/1/2024,9425,5675,6125,5375
29/12/2023,9400,5725,6050,5375
28/12/2023,9400,5725,6125,5350
27/12/2023,9375,5625,6000,5275
22/12/2023,9325,5675,5975,5250
21/12/2023,9325,5575,5975,5150
20/12/2023,9300,5550,5925,5200
19/12/2023,9250,5550,5975,5200
18/12/2023,9200,5500,5925,5200
15/12/2023,9225,5550,5900,5275
14/12/2023,9050,5550,5950,5350
13/12/2023,8675,5300,5725,5175
12/12/2023,8700,5325,5800,5275
11/12/2023,8750,5300,5775,5175
8/12/2023,8750,5375,5700,5075
7/12/2023,8825,5475,5750,5275
6/12/2023,8800,5425,5800,5225
5/12/2023,8900,5450,5975,5300
4/12/2023,8925,5500,6000,5300
1/12/2023,8950,5350,5900,5250
30/11/2023,8975,5275,5850,5275
29/11/2023,8900,5300,5850,5225
28/11/2023,8875,5350,5900,5175
27/11/2023,8875,5350,5900,5275
24/11/2023,8925,5400,5875,5200
23/11/2023,8925,5350,5900,5150
22/11/2023,8875,5275,5875,5075
21/11/2023,8775,5200,5875,5075
20/11/2023,8875,5250,5875,4980
17/11/2023,9075,5225,5900,4980
16/11/2023,9075,5250,5925,4950
15/11/2023,9050,5250,5925,4980
14/11/2023,8925,5075,5825,4880
13/11/2023,8875,5025,5825,4890
10/11/2023,8825,5075,5775,4860
9/11/2023,9000,5200,5875,4860
8/11/2023,9000,5225,5850,4880
7/11/2023,8975,5250,5875,4940
6/11/2023,9050,5200,5925,4970
3/11/2023,8900,5100,5825,4890
2/11/2023,8850,5000,5900,4870
1/11/2023,8600,4830,5650,4820
31/10/2023,8750,4960,5675,4790
30/10/2023,8850,5000,5725,4850
27/10/2023,8700,5000,5700,4850
26/10/2023,8725,4920,5700,4880
25/10/2023,8875,5175,5850,4970
24/10/2023,8775,5100,5750,5000
23/10/2023,8850,5000,5675,4990
20/10/2023,8975,5050,5750,4970
19/10/2023,8750,5000,5725,4940
18/10/2023,8850,5150,5850,5125
17/10/2023,8950,5150,6000,5200
16/10/2023,9100,5250,6025,5200
13/10/2023,9075,5275,6075,5175
12/10/2023,9050,5300,6075,5325
11/10/2023,8925,5250,6050,5175
10/10/2023,8925,5175,6000,5200
9/10/2023,9050,5125,5900,5100
6/10/2023,9025,5175,6025,5200
5/10/2023,9075,5175,6125,5175
4/10/2023,9200,5250,6125,5175
3/10/2023,9200,5275,6075,5200
2/10/2023,9075,5250,6050,5150
29/9/2023,8825,5225,6025,5150
27/9/2023,8875,5225,6000,5050
26/9/2023,8950,5200,5925,4980
25/9/2023,9000,5300,6000,5025
22/9/2023,9075,5350,6000,4870
21/9/2023,9125,5350,6000,4800
20/9/2023,9150,5375,6075,4780
19/9/2023,9075,5375,6000,4720
18/9/2023,9000,5325,5900,4670
15/9/2023,9000,5375,5925,4730
14/9/2023,9100,5425,5825,4720
13/9/2023,9075,5400,5850,4670
12/9/2023,9100,5375,5875,4650
11/9/2023,9125,5425,5925,4720
8/9/2023,9125,5350,5900,4680
7/9/2023,9175,5450,5875,4750
6/9/2023,9150,5575,6050,4780
5/9/2023,9225,5625,6100,4810
4/9/2023,9225,5625,6100,4720
1/9/2023,9225,5575,6075,4580
31/8/2023,9175,5550,6025,4580
30/8/2023,9200,5525,5975,4600
29/8/2023,9250,5600,5950,4570
28/8/2023,9200,5550,6000,4550
25/8/2023,9275,5600,5900,4550
24/8/2023,9200,5550,5950,4560
23/8/2023,9300,5600,5850,4530
22/8/2023,9300,5575,5950,4550
21/8/2023,9175,5500,5825,4560
18/8/2023,9250,5575,5775,4520
16/8/2023,9300,5525,5800,4550
15/8/2023,9300,5575,5800,4550
14/8/2023,9350,5650,5950,4600
11/8/2023,9400,5650,5925,4550
10/8/2023,9400,5700,5975,4550
9/8/2023,9400,5700,5900,4530
8/8/2023,9200,5625,5900,4460
7/8/2023,9275,5700,5875,4500
4/8/2023,9150,5575,5775,4500
3/8/2023,9250,5700,5800,4470
2/8/2023,9200,5700,5700,4430
1/8/2023,9125,5700,5650,4330
31/7/2023,9125,5650,5725,4430
28/7/2023,9125,5700,5700,4430
27/7/2023,9225,5650,5625,4450
26/7/2023,9350,5675,5575,4470
25/7/2023,9150,5650,5550,4510
24/7/2023,9100,5600,5500,4510
21/7/2023,9150,5625,5550,4520
20/7/2023,9150,5625,5525,4520
18/7/2023,9150,5625,5350,4450
17/7/2023,9175,5575,5375,4470
14/7/2023,9200,5525,5400,4460
13/7/2023,9125,5450,5350,4450
12/7/2023,9175,5450,5300,4470
11/7/2023,9025,5425,5275,4480
10/7/2023,9050,5400,5175,4520
7/7/2023,9025,5375,5150,4530
6/7/2023,9075,5425,5300,4550
5/7/2023,9050,5450,5275,4570
4/7/2023,9050,5450,5250,4550
3/7/2023,9075,5475,5350,4610
27/6/2023,9150,5425,5200,4570
26/6/2023,9075,5450,5125,4560
23/6/2023,9050,5400,5075,4510
22/6/2023,9050,5475,5075,4520
21/6/2023,9125,5575,5100,4550
20/6/2023,9050,5550,5100,4530
19/6/2023,9000,5525,5125,4520
16/6/2023,9050,5550,5150,4510
15/6/2023,9050,5525,5125,4550
14/6/2023,9075,5550,5050,4480
13/6/2023,9150,5550,5100,4560
12/6/2023,9150,5400,5100,4650
9/6/2023,9100,5425,5125,4610
8/6/2023,9125,5475,5025,4600
7/6/2023,9100,5400,5025,4570
6/6/2023,9150,5450,5050,4600
5/6/2023,9200,5425,5075,4500
31/5/2023,9050,5575,5050,4520
30/5/2023,9250,5500,5150,4510
29/5/2023,9150,5550,5150,4520
26/5/2023,9150,5600,5125,4470
25/5/2023,9050,5475,5175,4500
24/5/2023,9025,5600,5075,4410
23/5/2023,9125,5500,5125,4470
22/5/2023,9000,5425,5225,4420
19/5/2023,9000,5400,5075,4410
17/5/2023,8775,5200,5000,4370
16/5/2023,8700,5200,4990,4370
15/5/2023,8775,5150,5050,4450
12/5/2023,8800,5150,5000,4500
11/5/2023,8825,5150,5100,4570
10/5/2023,8925,5150,5075,4600
9/5/2023,8925,5125,5050,4560
8/5/2023,9000,5100,5125,4570
5/5/2023,9000,5225,5175,4620
4/5/2023,9000,5150,5175,4650
3/5/2023,8925,5100,5225,4730
2/5/2023,9050,5150,5250,4770
28/4/2023,9050,5100,5175,4710
27/4/2023,9150,5150,5200,4750
26/4/2023,9200,5025,5200,4780
18/4/2023,9125,4950,5175,4730
17/4/2023,9025,4990,5125,4720
14/4/2023,9000,5075,5225,4700
13/4/2023,8925,4980,5125,4680
12/4/2023,8900,4930,5150,4670
11/4/2023,8825,4880,5100,4680
10/4/2023,8800,4860,5100,4660
6/4/2023,8750,4840,5175,4680
5/4/2023,8725,4830,5225,4660
4/4/2023,8775,4820,5200,4670
3/4/2023,8800,4800,5250,4670
31/3/2023,8750,4730,5150,4670
30/3/2023,8825,4750,5100,4670
29/3/2023,8800,4810,5175,4600
28/3/2023,8675,4770,5050,4510
27/3/2023,8700,4740,5100,4750
24/3/2023,8825,4770,5450,4810
21/3/2023,8500,4900,5250,4610
20/3/2023,8400,4880,5000,4500
17/3/2023,8375,4900,5050,4510
16/3/2023,8300,4730,4920,4470
15/3/2023,8325,4700,5025,4400
14/3/2023,8325,4710,4960,4380
13/3/2023,8550,4830,5175,4500
10/3/2023,8450,4820,5175,4510
9/3/2023,8575,4810,5225,4570
8/3/2023,8575,4840,5125,4430
7/3/2023,8425,4840,5075,4450
6/3/2023,8400,4790,5050,4400
3/3/2023,8475,4760,5025,4370
2/3/2023,8625,4780,5100,4430
1/3/2023,8600,4720,5050,4470
28/2/2023,8750,4670,5000,4380
27/2/2023,8775,4810,5075,4470
24/2/2023,8675,4760,5050,4450
23/2/2023,8725,4800,5025,4470
22/2/2023,8675,4760,5000,4420
21/2/2023,8700,4820,5100,4520
20/2/2023,8750,4880,5125,4570
17/2/2023,8725,4880,5150,4630
16/2/2023,8700,4870,5075,4670
15/2/2023,8875,4870,5100,4710
14/2/2023,8950,4870,5175,4720
13/2/2023,8875,4800,5175,4750
10/2/2023,8825,4860,5150,4760
9/2/2023,8900,4810,5125,4770
8/2/2023,8825,4790,5100,4730
7/2/2023,8850,4750,5075,4680
6/2/2023,8725,4740,4930,4670
3/2/2023,8700,4750,4960,4650
2/2/2023,8450,4600,4860,4550
1/2/2023,8500,4680,4850,4560
31/1/2023,8475,4580,4970,4570
30/1/2023,8700,4610,4970,4650
27/1/2023,8700,4640,5000,4770
26/1/2023,8475,4590,4910,4730
25/1/2023,8200,4560,4850,4530
24/1/2023,8225,4620,4950,4520
20/1/2023,8300,4650,4980,4510
19/1/2023,8325,4610,4870,4470
18/1/2023,8300,4600,4770,4430
17/1/2023,8325,4560,4870,4460
16/1/2023,8150,4520,4650,4380
13/1/2023,8050,4480,4580,4330
12/1/2023,8175,4500,4600,4300
11/1/2023,8125,4380,4470,4250
10/1/2023,8175,4430,4630,4360
9/1/2023,8450,4590,4860,4500
6/1/2023,8300,4620,4900,4450
5/1/2023,8250,4640,4910,4500
4/1/2023,8350,4770,5000,4580
3/1/2023,8550,4850,4970,4630
2/1/2023,8550,4870,4930,4610
30/12/2022,8550,4940,4960,4610
29/12/2022,8575,4870,4980,4610
28/12/2022,8650,4820,4980,4610
27/12/2022,8600,4870,4970,4650
26/12/2022,8575,4930,5025,4660
23/12/2022,8500,4880,4960,4660
22/12/2022,8575,4960,4970,4710
21/12/2022,8675,4890,5000,4670
20/12/2022,8575,4910,5025,4720
19/12/2022,8650,4970,5000,4710
16/12/2022,8600,4980,5050,4900
15/12/2022,8500,4910,4950,4730
14/12/2022,8625,4980,4970,4760
13/12/2022,8700,4970,4950,4820
12/12/2022,8700,4850,4970,4760
9/12/2022,8575,4800,4960,4770
8/12/2022,8500,4840,5025,4750
7/12/2022,8450,4760,5175,4750
6/12/2022,8675,4860,5450,4770
5/12/2022,8775,4890,5425,4870
2/12/2022,8900,4890,5250,4870
1/12/2022,9000,4940,5200,4850
30/11/2022,9300,4980,5250,4950
29/11/2022,8975,4850,5150,4680
28/11/2022,9025,4820,5050,4630
25/11/2022,8975,4750,5075,4650
24/11/2022,9000,4720,5100,4630
23/11/2022,8875,4670,5100,4620
22/11/2022,8900,4590,5050,4620
21/11/2022,8725,4590,5050,4580
18/11/2022,8825,4610,5075,4600
17/11/2022,8725,4670,4950,4630
16/11/2022,8600,4520,5000,4550
15/11/2022,8800,4580,5125,4560
14/11/2022,8750,4580,5125,4550
11/11/2022,8850,4650,5200,4650
10/11/2022,8800,4530,5050,4630
9/11/2022,8875,4650,5075,4650
8/11/2022,8750,4620,5075,4620
7/11/2022,8850,4690,5125,4630
4/11/2022,8775,4650,5075,4630
3/11/2022,8800,4650,5075,4650
2/11/2022,8750,4610,5025,4620
1/11/2022,8800,4660,5200,4700
31/10/2022,8800,4650,5275,4700
28/10/2022,8750,4630,5100,4660
27/10/2022,8700,4600,5100,4670
26/10/2022,8550,4530,5100,4610
25/10/2022,8700,4590,5100,4710
24/10/2022,8900,4500,5125,4670
21/10/2022,8650,4430,5175,4500
20/10/2022,8500,4390,4950,4500
19/10/2022,8275,4300,4730,4380
18/10/2022,8300,4290,4750,4330
17/10/2022,8250,4300,4720,4280
14/10/2022,8250,4270,4700,4210
13/10/2022,8275,4350,4730,4370
12/10/2022,8325,4400,4710,4320
11/10/2022,8250,4430,4650,4350
10/10/2022,8300,4370,4650,4370
7/10/2022,8200,4440,4710,4380
6/10/2022,8425,4510,4660,4450
5/10/2022,8450,4540,4630,4420
4/10/2022,8550,4640,4610,4420
3/10/2022,8500,4530,4630,4450
30/9/2022,8550,4490,4710,4480
29/9/2022,8375,4480,4620,4480
28/9/2022,8325,4520,4650,4500
27/9/2022,8300,4530,4670,4500
26/9/2022,8425,4540,4620,4500
23/9/2022,8375,4480,4600,4500
22/9/2022,8475,4560,4600,4500
21/9/2022,8475,4550,4630,4480
20/9/2022,8550,4490,4600,4480
19/9/2022,8650,4570,4610,4480
16/9/2022,8450,4500,4550,4470
15/9/2022,8750,4610,4670,4580
14/9/2022,8500,4580,4650,4450
13/9/2022,8525,4580,4720,4480
12/9/2022,8375,4560,4580,4400
9/9/2022,8375,4610,4530,4400
8/9/2022,8350,4600,4470,4380
7/9/2022,8375,4460,4430,4280
6/9/2022,8275,4560,4410,4370
5/9/2022,8275,4590,4470,4420
2/9/2022,8225,4450,4420,4350
1/9/2022,8150,4390,4460,4260
31/8/2022,8200,4340,4420,4260
30/8/2022,8175,4260,4320,4210
29/8/2022,8150,4250,4270,4100
26/8/2022,8000,4270,4250,4150
25/8/2022,8075,4270,4280,4130
24/8/2022,7950,4290,4310,4150
23/8/2022,7900,4300,4310,4150
22/8/2022,8000,4270,4260,4150
19/8/2022,7900,4300,4250,4250
18/8/2022,8000,4330,4300,4320
16/8/2022,7975,4280,4260,4280
15/8/2022,7950,4300,4220,4270
12/8/2022,7925,4320,4230,4260
11/8/2022,7950,4350,4260,4260
10/8/2022,7900,4310,4300,4230
9/8/2022,7900,4410,4230,4220
8/8/2022,7875,4370,4170,4120
5/8/2022,7875,4360,4120,4120
4/8/2022,7800,4360,4120,4000
3/8/2022,7625,4380,4120,4060
2/8/2022,7600,4400,4080,4030
1/8/2022,7500,4360,3980,3970
29/7/2022,7350,4360,4130,3920
28/7/2022,7350,4360,4020,3910
27/7/2022,7325,4320,4050,3880
26/7/2022,7300,4330,4000,3830
25/7/2022,7300,4250,3880,3800
22/7/2022,7325,4270,3920,3850
21/7/2022,7400,4310,3950,3860
20/7/2022,7400,4300,3950,3830
19/7/2022,7175,4110,3710,3650
18/7/2022,7150,4140,3670,3660
15/7/2022,7000,4110,3580,3630
14/7/2022,7025,4070,3630,3630
13/7/2022,7000,4060,3630,3610
12/7/2022,7175,4110,3710,3720
11/7/2022,7125,4120,3730,3750
8/7/2022,7150,4200,3730,3800
7/7/2022,7100,4050,3710,3800
6/7/2022,7300,4080,3760,3820
5/7/2022,7250,4090,3820,3870
4/7/2022,7050,4040,3700,3820
1/7/2022,7250,4140,3800,3920
30/6/2022,7250,4150,3960,3920
29/6/2022,7275,4180,3970,4010
28/6/2022,7300,4300,4060,4030
27/6/2022,7350,4280,4110,4020
24/6/2022,7475,4340,4150,4070
23/6/2022,7525,4310,4070,4070
22/6/2022,7500,4320,4070,4070
21/6/2022,7650,4380,4120,4220
20/6/2022,7625,4400,4120,4060
17/6/2022,7500,4370,4030,4080
16/6/2022,7575,4430,4180,4120
15/6/2022,7325,4450,4150,4130
14/6/2022,7400,4360,4100,4130
13/6/2022,7350,4340,4050,4120
10/6/2022,7350,4400,4080,4150
9/6/2022,7500,4490,4210,4330
8/6/2022,7600,4470,4200,4500
7/6/2022,7375,4400,4150,4450
6/6/2022,7450,4430,4070,4450
3/6/2022,7600,4520,4100,4470
2/6/2022,7575,4480,4100,4420
31/5/2022,7750,4630,4250,4580
30/5/2022,7575,4430,4100,4600
27/5/2022,7575,4540,4050,4600
25/5/2022,7375,4350,3920,4460
24/5/2022,7350,4460,3960,4530
23/5/2022,7375,4330,3930,4420
20/5/2022,7400,4430,4000,4380
19/5/2022,7450,4440,3950,4330
18/5/2022,7575,4450,3950,4370
17/5/2022,7400,4450,3920,4220
13/5/2022,7325,4250,3900,4120
12/5/2022,7275,4320,3930,4100
11/5/2022,7650,4490,4000,4380
10/5/2022,7525,4530,4050,4450
9/5/2022,7600,4530,4160,4410
28/4/2022,8125,4870,4470,4610
27/4/2022,8200,4850,4110,4720
26/4/2022,8125,4940,4170,4800
25/4/2022,8000,4840,4110,4750
22/4/2022,7875,4750,4130,4670
21/4/2022,7925,4800,4150,4680
20/4/2022,7650,4850,3920,4480
19/4/2022,7625,4570,3780,4200
18/4/2022,7700,4550,3810,4210
14/4/2022,7700,4540,3830,4200
13/4/2022,7800,4610,3860,4220
12/4/2022,7800,4610,3850,4210
11/4/2022,7725,4570,3830,4200
8/4/2022,7850,4610,3850,4210
7/4/2022,7750,4630,3850,4150
6/4/2022,7750,4600,3830,4070
5/4/2022,7900,4700,3910,4180
4/4/2022,7900,4700,3910,4210
1/4/2022,7925,4730,3930,4100
31/3/2022,7975,4660,3950,4120
30/3/2022,7875,4710,3930,4200
29/3/2022,7850,4690,3960,4180
28/3/2022,7900,4730,3930,4250
25/3/2022,7950,4710,3920,4110
24/3/2022,7925,4730,3960,4110
23/3/2022,7900,4650,3880,4030
22/3/2022,7925,4640,3830,4010
21/3/2022,7900,4590,3820,4030
18/3/2022,7900,4580,3960,4150
17/3/2022,8000,4650,3970,4110
16/3/2022,8200,4650,3970,4170
15/3/2022,8150,4610,3880,4030
14/3/2022,8075,4520,3870,4050
11/3/2022,7950,4400,3820,3970
10/3/2022,7925,4570,3830,3880
9/3/2022,7850,4570,3810,3880
8/3/2022,7650,4430,3770,3800
7/3/2022,7700,4520,3770,3860
4/3/2022,7900,4670,3820,3950
2/3/2022,7975,4560,3810,3880
1/3/2022,8050,4630,3820,3960
25/2/2022,8050,4550,3850,4000
24/2/2022,8000,4390,3850,3910
23/2/2022,8050,4480,3930,3960
22/2/2022,7900,4430,3930,3870
21/2/2022,7950,4490,3920,3950
18/2/2022,7925,4430,3920,3980
17/2/2022,7900,4400,3920,3950
16/2/2022,7975,4420,3920,3970
15/2/2022,7875,4430,3950,3960
14/2/2022,7700,4410,3900,3850
11/2/2022,7825,4450,3860,3850
10/2/2022,7750,4470,3860,3830
9/2/2022,7950,4450,3830,3780
8/2/2022,7725,4440,3810,3750
7/2/2022,7800,4400,3750,3680
4/2/2022,7725,4210,3730,3660
3/2/2022,7725,4130,3730,3650
2/2/2022,7800,4070,3730,3680
31/1/2022,7625,4070,3730,3660
28/1/2022,7775,4140,3820,3750
27/1/2022,7800,4140,3770,3600
26/1/2022,7700,4090,3730,3560
25/1/2022,7775,4070,3610,3400
24/1/2022,7800,4120,3630,3550
21/1/2022,7950,4170,3650,3580
20/1/2022,7775,4130,3580,3570
19/1/2022,7675,4130,3510,3550
18/1/2022,7675,4190,3620,3530
17/1/2022,7750,4210,3600,3600
14/1/2022,7850,4180,3580,3550
13/1/2022,7700,4190,3560,3510
12/1/2022,7700,4160,3570,3520
11/1/2022,7700,4150,3520,3510
10/1/2022,7600,4180,3520,3520
7/1/2022,7650,4190,3520,3530
6/1/2022,7475,4160,3510,3470
5/1/2022,7450,4210,3510,3470
4/1/2022,7400,4160,3580,3510
3/1/2022,7325,4180,3520,3360
30/12/2021,7300,4110,3510,3370
29/12/2021,7300,4080,3550,3360
28/12/2021,7350,4090,3520,3350
27/12/2021,7350,4060,3500,3370
24/12/2021,7300,4070,3520,3360
23/12/2021,7300,4100,3530,3320
22/12/2021,7325,4050,3520,3310
21/12/2021,7375,4080,3570,3350
20/12/2021,7375,4120,3530,3360
17/12/2021,7500,4110,3570,3370
16/12/2021,7275,4140,3620,3370
15/12/2021,7300,4200,3630,3430
14/12/2021,7300,4130,3580,3430
13/12/2021,7300,4160,3560,3420
10/12/2021,7375,4130,3600,3380
9/12/2021,7350,4190,3670,3410
8/12/2021,7425,4210,3570,3420
7/12/2021,7350,4230,3650,3520
6/12/2021,7350,4110,3580,3420
3/12/2021,7375,4170,3570,3360
2/12/2021,7500,4200,3600,3410
1/12/2021,7300,4080,3530,3320
30/11/2021,7275,4090,3500,3400
29/11/2021,7400,4170,3580,3470
26/11/2021,7275,4160,3550,3430
25/11/2021,7425,4220,3670,3580
24/11/2021,7475,4210,3570,3530
23/11/2021,7475,4210,3570,3500
22/11/2021,7475,4280,3670,3580
19/11/2021,7425,4280,3620,3510
18/11/2021,7400,4180,3580,3460
17/11/2021,7575,4200,3610,3500
16/11/2021,7475,4130,3610,3430
15/11/2021,7500,4160,3520,3400
12/11/2021,7525,4220,3550,3450
11/11/2021,7675,4250,3610,3510
10/11/2021,7650,4250,3570,3530
9/11/2021,7675,4250,3430,3520
8/11/2021,7575,4230,3500,3520
5/11/2021,7450,4240,3550,3470
4/11/2021,7375,4250,3580,3500
3/11/2021,7350,4290,3560,3510
2/11/2021,7300,4210,3510,3400
1/11/2021,7400,4230,3580,3420
29/10/2021,7475,4250,3580,3500
28/10/2021,7375,4240,3510,3520
27/10/2021,7450,4290,3570,3530
26/10/2021,7525,4350,3580,3630
25/10/2021,7525,4300,3560,3670
22/10/2021,7525,4400,3600,3720
21/10/2021,7400,4360,3580,3660
19/10/2021,7500,4400,3600,3610
18/10/2021,7525,4410,3580,3530
15/10/2021,7650,4320,3570,3370
14/10/2021,7750,4250,3580,3430
13/10/2021,7525,4280,3550,3330
12/10/2021,7300,4220,3500,3200
11/10/2021,7250,4180,3450,3200
8/10/2021,7275,4160,3450,3070
7/10/2021,7150,4120,3350,2980
6/10/2021,7175,4120,3300,3000
5/10/2021,6925,3930,3210,2850
4/10/2021,6950,3970,3230,2850
1/10/2021,6750,3900,3050,2670
30/9/2021,7000,3850,3070,2680
29/9/2021,6575,3740,3000,2610
28/9/2021,6500,3720,2970,2520
27/9/2021,6575,3750,2950,2530
24/9/2021,6575,3820,2980,2550
23/9/2021,6575,3770,3030,2560
22/9/2021,6550,3610,3030,2570
21/9/2021,6475,3570,2980,2560
20/9/2021,6575,3590,3010,2570
17/9/2021,6500,3610,3020,2650
16/9/2021,6500,3640,3070,2630
15/9/2021,6475,3660,3060,2670
14/9/2021,6525,3700,3050,2700
13/9/2021,6550,3700,3070,2700
10/9/2021,6500,3780,3100,2720
9/9/2021,6550,3730,3170,2700
8/9/2021,6425,3730,3120,2660
7/9/2021,6550,3910,3120,2700
6/9/2021,6575,3850,3100,2720
3/9/2021,6600,3930,3060,2720
2/9/2021,6525,3870,3020,2620
1/9/2021,6550,3890,3000,2660
31/8/2021,6550,3930,3050,2700
30/8/2021,6550,3940,2970,2700
27/8/2021,6500,3840,2900,2650
26/8/2021,6550,3870,2910,2610
25/8/2021,6600,3890,2970,2620
24/8/2021,6600,3890,2910,2660
23/8/2021,6575,3960,2980,2670
20/8/2021,6600,3930,2950,2710
19/8/2021,6600,3880,2920,2650
18/8/2021,6600,4070,3020,2710
16/8/2021,6400,3930,2980,2570
13/8/2021,6400,3870,3000,2550
12/8/2021,6300,3810,2960,2530
10/8/2021,6300,3820,2900,2490
9/8/2021,6200,3850,2900,2490
6/8/2021,6150,3930,2980,2560
5/8/2021,6300,4050,3020,2600
4/8/2021,6100,3850,2910,2520
3/8/2021,6125,3750,2880,2470
2/8/2021,5950,3740,2830,2410
30/7/2021,5950,3710,2850,2390
29/7/2021,6025,3770,2870,2460
28/7/2021,5975,3730,2950,2480
27/7/2021,6000,3800,2910,2510
26/7/2021,6000,3830,2900,2520
23/7/2021,6025,3870,2980,2530
22/7/2021,6150,3900,3020,2570
21/7/2021,6000,3820,2960,2450
19/7/2021,6000,3780,2870,2410
16/7/2021,6100,3840,2930,2400
15/7/2021,6100,3810,2930,2360
14/7/2021,5975,3710,2850,2290
13/7/2021,6025,3780,2880,2330
12/7/2021,6150,3760,2900,2350
9/7/2021,6000,3800,2880,2320
8/7/2021,6000,3870,2950,2380
7/7/2021,6050,3820,2870,2360
6/7/2021,6050,3890,2880,2350
5/7/2021,6100,3900,2920,2360
2/7/2021,6100,3990,2970,2410
1/7/2021,6025,3940,2980,2350
30/6/2021,6025,3940,2950,2310
29/6/2021,6025,3900,2880,2290
28/6/2021,6050,3930,2850,2290
25/6/2021,6175,3990,2950,2380
24/6/2021,6200,3990,2980,2410
23/6/2021,6225,3940,3010,2420
22/6/2021,6325,4040,3080,2470
21/6/2021,6250,3940,3010,2480
18/6/2021,6325,3910,3100,2470
17/6/2021,6325,4030,3100,2620
16/6/2021,6375,4010,3130,2680
15/6/2021,6450,4230,3160,2760
14/6/2021,6400,4350,3130,2770
11/6/2021,6450,4280,3130,2830
10/6/2021,6600,4300,3100,2830
9/6/2021,6525,4220,3070,2810
8/6/2021,6425,4200,3000,2760
7/6/2021,6525,4250,3060,2760
4/6/2021,6575,4340,3060,2810
3/6/2021,6600,4360,3120,2870
2/6/2021,6450,4260,3050,2770
31/5/2021,6375,4260,3000,2700
28/5/2021,6325,4070,2900,2600
27/5/2021,6250,3950,2870,2570
25/5/2021,6350,4060,2950,2660
24/5/2021,6325,4040,2870,2650
21/5/2021,6350,3890,2910,2660
20/5/2021,6375,3880,2820,2620
19/5/2021,6325,3870,2830,2620
18/5/2021,6375,3900,2950,2720
17/5/2021,6500,3900,2960,2750
11/5/2021,6475,3990,2950,2760
10/5/2021,6400,4050,2980,2780
7/5/2021,6400,4050,2970,2800
6/5/2021,6425,4110,3030,2850
5/5/2021,6425,4090,3020,2830
4/5/2021,6400,4060,3050,2810
3/5/2021,6375,4010,3020,2780
30/4/2021,6400,4050,3080,2850
29/4/2021,6400,4160,3110,2930
28/4/2021,6300,4130,3100,2910
27/4/2021,6400,4170,3020,2950
26/4/2021,6275,4140,2980,2860
23/4/2021,6375,4250,3070,2880
22/4/2021,6200,4200,3060,2830
21/4/2021,6150,4230,3060,2880
20/4/2021,6225,4310,3100,2960
19/4/2021,6250,4380,3110,2930
16/4/2021,6275,4340,3150,2970
15/4/2021,6275,4410,3150,2980
14/4/2021,6300,4350,3160,2950
13/4/2021,6000,4160,3150,2900
12/4/2021,6050,4210,3150,2920
9/4/2021,6200,4350,3230,3000
8/4/2021,6125,4350,3130,2900
7/4/2021,6250,4200,3160,2880
6/4/2021,6150,4200,3130,2910
5/4/2021,6150,4200,3110,2870
1/4/2021,6225,4290,3100,2830
31/3/2021,6200,4400,3070,2860
30/3/2021,6375,4500,3160,2900
29/3/2021,6350,4720,3180,3020
26/3/2021,6400,4720,3210,3020
25/3/2021,6350,4620,3200,2950
24/3/2021,6425,4670,3210,2970
23/3/2021,6550,4670,3330,3050
22/3/2021,6600,4630,3310,3050
19/3/2021,6750,4670,3380,3070
18/3/2021,6700,4760,3400,3130
17/3/2021,6600,4670,3260,3050
16/3/2021,6625,4720,3270,3110
15/3/2021,6650,4570,3320,3160
12/3/2021,6750,4580,3360,3070
10/3/2021,6700,4630,3250,3020
9/3/2021,6600,4580,3210,2980
8/3/2021,6700,4730,3210,3000
5/3/2021,6800,4770,3230,3000
4/3/2021,6700,4760,3270,3000
3/3/2021,7000,4850,3300,3010
2/3/2021,7000,4800,3300,3070
1/3/2021,7025,4830,3280,3110
26/2/2021,6700,4710,3070,2970
25/2/2021,6700,4730,3130,3030
24/2/2021,6725,4730,3180,3030
23/2/2021,6825,4790,3160,2970
22/2/2021,6775,4790,3180,2960
19/2/2021,6825,4790,3180,3000
18/2/2021,6725,4670,3120,3010
17/2/2021,6900,4630,3170,3070
16/2/2021,6925,4670,3230,3170
15/2/2021,6800,4710,3250,3110
11/2/2021,6875,4680,3250,3100
10/2/2021,6900,4650,3250,3100
9/2/2021,6975,4620,3250,3110
8/2/2021,6900,4460,3280,3150
5/2/2021,6900,4470,3270,3150
4/2/2021,6850,4490,3280,3130
3/2/2021,6825,4380,3250,3150
2/2/2021,6800,4360,3230,2950
1/2/2021,6800,4400,3350,2920
29/1/2021,6750,4180,3280,2770
28/1/2021,6900,4470,3520,2880
27/1/2021,6775,4620,3650,2980
26/1/2021,6800,4650,3680,3030
25/1/2021,7025,4780,3650,3110
22/1/2021,7075,4720,3600,3130
21/1/2021,7075,4790,3620,3210
20/1/2021,7075,4890,3680,3210
19/1/2021,7075,4620,3480,3110
18/1/2021,7100,4620,3460,3150
15/1/2021,6950,4580,3360,3160
14/1/2021,7000,4770,3420,3220
13/1/2021,7100,4790,3460,3260
12/1/2021,7150,4720,3470,3250
11/1/2021,7325,4650,3420,3260
8/1/2021,7050,4390,3270,3230
7/1/2021,6950,4280,3230,3210
6/1/2021,6925,4200,3210,3200
5/1/2021,7075,4270,3210,3250
4/1/2021,6825,4310,3250,3180
30/12/2020,6750,4170,3160,3080
29/12/2020,6750,4180,3210,3150
28/12/2020,6775,4250,3260,3220
23/12/2020,6725,4160,3170,3120
22/12/2020,6700,4130,3200,3150
21/12/2020,6825,4210,3350,3300
18/12/2020,6800,4280,3350,3320
17/12/2020,6925,4330,3430,3330
16/12/2020,6950,4320,3380,3330
15/12/2020,6775,4280,3350,3250
14/12/2020,6800,4280,3360,3280
11/12/2020,6725,4280,3380,3280
10/12/2020,6575,4330,3400,3300
8/12/2020,6475,4400,3330,3320
7/12/2020,6500,4400,3350,3320
4/12/2020,6375,4300,3300,3170
3/12/2020,6450,4400,3280,3170
2/12/2020,6450,4300,3320,3170
1/12/2020,6375,4240,3260,3120
30/11/2020,6200,4090,3160,3000
27/11/2020,6375,4270,3320,3170
26/11/2020,6475,4290,3360,3150
25/11/2020,6400,4320,3260,3020
24/11/2020,6550,4200,3210,2970
23/11/2020,6600,4080,3200,2950
20/11/2020,6600,4020,3150,2830
19/11/2020,6600,4040,3160,2870
18/11/2020,6550,4040,3170,2860
17/11/2020,6550,3960,3120,2870
16/11/2020,6475,3960,3100,2830
13/11/2020,6375,4000,3120,2820
12/11/2020,6400,3950,3080,2680
11/11/2020,6525,4120,3180,2730
10/11/2020,6475,4000,3180,2660
9/11/2020,6275,3690,3070,2550
6/11/2020,6300,3560,3020,2480
5/11/2020,6150,3490,2980,2410
4/11/2020,5800,3290,2850,2310
3/11/2020,5875,3380,3000,2330
2/11/2020,5800,3380,2980,2330
27/10/2020,5775,3360,2880,2370
26/10/2020,5800,3340,2880,2420
23/10/2020,5750,3290,2770,2420
22/10/2020,5800,3300,2720,2430
21/10/2020,5775,3240,2760,2440
20/10/2020,5800,3250,2820,2400
19/10/2020,5900,3280,2850,2440
16/10/2020,5750,3250,2780,2400
15/10/2020,5775,3310,2800,2390
14/10/2020,5900,3360,2880,2470
13/10/2020,5850,3280,2830,2380
12/10/2020,5850,3190,2810,2330
9/10/2020,5775,3150,2770,2320
8/10/2020,5775,3150,2720,2330
7/10/2020,5750,3120,2770,2330
6/10/2020,5700,3190,2750,2330
5/10/2020,5500,3160,2670,2310
2/10/2020,5500,3100,2600,2250
1/10/2020,5550,3160,2600,2280
30/9/2020,5400,3040,2480,2220
29/9/2020,5500,3040,2530,2250
28/9/2020,5500,3090,2570,2270
25/9/2020,5600,3160,2670,2300
24/9/2020,5425,3030,2530,2160
23/9/2020,5500,3080,2600,2210
22/9/2020,5450,3130,2650,2270
21/9/2020,5600,3190,2730,2290
18/9/2020,5625,3220,2780,2370
17/9/2020,5750,3200,2780,2360
16/9/2020,5750,3260,2820,2430
15/9/2020,5850,3330,2830,2470
14/9/2020,6050,3440,2870,2520
11/9/2020,5900,3250,2730,2430
10/9/2020,5800,3180,2680,2340
9/9/2020,6225,3410,2880,2510
8/9/2020,6325,3520,2980,2620
7/9/2020,6275,3510,2920,2620
4/9/2020,6375,3550,2960,2610
3/9/2020,6500,3580,2980,2670
2/9/2020,6425,3660,3030,2610
1/9/2020,6500,3610,3060,2580
31/8/2020,6275,3510,2970,2550
28/8/2020,6475,3690,3110,2620
27/8/2020,6600,3700,3150,2650
26/8/2020,6325,3740,3170,2660
25/8/2020,6350,3800,3120,2630
24/8/2020,6300,3640,3000,2550
19/8/2020,6325,3560,3050,2520
18/8/2020,6350,3520,3070,2520
14/8/2020,6400,3340,3010,2500
13/8/2020,6300,3330,3020,2530
12/8/2020,6250,3350,3070,2560
11/8/2020,6175,3190,2980,2390
10/8/2020,6100,3130,2900,2310
7/8/2020,6175,3110,2900,2310
6/8/2020,6250,3110,2880,2320
5/8/2020,6200,3080,2850,2310
4/8/2020,6200,3080,2780,2280
3/8/2020,6125,2990,2750,2220
30/7/2020,6225,3160,2900,2300
29/7/2020,6125,3120,2850,2290
28/7/2020,6175,3140,2920,2340
27/7/2020,6100,3150,2930,2320
24/7/2020,6100,3090,2800,2300
23/7/2020,6200,3140,2850,2350
22/7/2020,6175,3100,2710,2330
21/7/2020,6200,3150,2650,2340
20/7/2020,6125,3050,2550,2270
17/7/2020,6100,3100,2580,2330
16/7/2020,6175,3140,2630,2350
15/7/2020,6150,3130,2630,2350
14/7/2020,6200,3170,2650,2360
13/7/2020,6175,3160,2620,2370
10/7/2020,6200,3110,2580,2330
9/7/2020,6100,3140,2620,2360
8/7/2020,6200,3190,2630,2400
7/7/2020,5975,3030,2520,2300
6/7/2020,5925,3040,2530,2300
3/7/2020,5850,3050,2500,2280
2/7/2020,5850,3060,2500,2290
1/7/2020,5800,3060,2490,2270
30/6/2020,5675,3030,2470,2290
29/6/2020,5675,3040,2470,2290
26/6/2020,5625,3030,2500,2290
25/6/2020,5725,3060,2510,2270
24/6/2020,5700,3120,2570,2370
23/6/2020,5600,3010,2390,2190
22/6/2020,5525,3060,2400,2230
19/6/2020,5575,3100,2440,2240
18/6/2020,5575,3050,2410,2250
17/6/2020,5700,3100,2450,2270
16/6/2020,5750,3130,2510,2300
15/6/2020,5500,2900,2360,2100
12/6/2020,5650,3030,2440,2230
11/6/2020,5675,2970,2340,2100
10/6/2020,5800,3030,2450,2260
9/6/2020,5800,3210,2630,2430
8/6/2020,5900,3300,2620,2410
5/6/2020,5725,3110,2420,2120
4/6/2020,5775,3060,2360,2070
3/6/2020,5775,3100,2430,2060
2/6/2020,5350,3180,2310,1985
29/5/2020,5175,2950,2230,1915
28/5/2020,5275,2730,2140,1830
27/5/2020,4960,2630,2050,1815
26/5/2020,4970,2520,2050,1815
20/5/2020,4760,2480,2030,1800
19/5/2020,4680,2370,1930,1760
18/5/2020,4760,2170,1860,1665
15/5/2020,4780,2240,1880,1670
14/5/2020,4920,2350,1975,1770
13/5/2020,5100,2470,2000,1860
12/5/2020,5200,2490,2000,1830
11/5/2020,5275,2620,2110,1900
8/5/2020,5225,2590,2100,1900
6/5/2020,5350,2620,2080,1915
5/5/2020,5275,2630,2110,1920
4/5/2020,5200,2630,2140,1960
30/4/2020,5150,2730,2230,2050
29/4/2020,4850,2580,2000,1880
28/4/2020,4830,2590,2070,1910
27/4/2020,4960,2660,2070,1900
24/4/2020,4920,2630,2140,1900
23/4/2020,5100,2800,2250,2010
22/4/2020,5125,2790,2240,2010
21/4/2020,5150,2720,2170,2010
20/4/2020,5350,2780,2180,2050
17/4/2020,5425,2830,2190,2080
16/4/2020,5225,2610,2100,1990
15/4/2020,5475,2760,2200,2100
14/4/2020,5500,2900,2280,2070
13/4/2020,5500,2770,2230,1995
9/4/2020,5575,2790,2330,1995
8/4/2020,5625,2820,2380,2000
7/4/2020,5650,3030,2560,2150
6/4/2020,5725,3020,2600,2140
3/4/2020,5475,2890,2510,2000
2/4/2020,5400,2870,2370,1925
1/4/2020,5475,2930,2300,1840
31/3/2020,5525,3020,2340,1910
30/3/2020,5475,3010,2300,1860
27/3/2020,5500,3230,2470,1995
26/3/2020,5275,2940,2230,1795
24/3/2020,4500,2440,1930,1580
23/3/2020,4430,2620,2070,1695
20/3/2020,4730,2810,2230,1820
19/3/2020,4650,2930,2390,1955
18/3/2020,5000,3140,2570,2100
17/3/2020,5100,3260,2760,2250
16/3/2020,5500,3500,2960,2420
13/3/2020,5650,3720,3170,2600
12/3/2020,5550,3610,3210,2510
11/3/2020,5850,3910,3410,2760
10/3/2020,5925,3910,3430,2830
9/3/2020,5775,3750,3280,2820
6/3/2020,6200,4010,3620,3200
5/3/2020,6425,4150,3800,3410
4/3/2020,6425,4220,3730,3470
3/3/2020,6300,4100,3600,3400
2/3/2020,6075,3980,3470,3370
28/2/2020,6275,4190,3630,3510
27/2/2020,6275,4130,3670,3530
26/2/2020,6400,4480,3820,3650
25/2/2020,6525,4500,3900,3750
24/2/2020,6525,4490,3880,3780
21/2/2020,6600,4510,3950,3880
20/2/2020,6575,4560,4000,3960
19/2/2020,6675,4480,3970,3880
18/2/2020,6675,4400,3910,3850
17/2/2020,6700,4470,3920,3810
14/2/2020,6675,4550,3910,3760
13/2/2020,6775,4570,3920,3700
12/2/2020,6800,4530,3900,3630
11/2/2020,6775,4510,3880,3650
10/2/2020,6775,4500,3860,3660
7/2/2020,6750,4550,3860,3670
6/2/2020,6725,4550,3850,3670
5/2/2020,6725,4560,3850,3710
4/2/2020,6600,4560,3760,3670
3/2/2020,6425,4460,3750,3560
31/1/2020,6475,4460,3770,3600
30/1/2020,6725,4580,3820,3620
29/1/2020,6775,4620,3900,3670
28/1/2020,6775,4620,3870,3730
27/1/2020,6825,4650,3860,3720
24/1/2020,6800,4740,3960,3850
23/1/2020,6825,4740,3880,3820
22/1/2020,6825,4710,3900,3810
21/1/2020,6825,4670,3850,3780
20/1/2020,6825,4660,3810,3770
17/1/2020,6875,4630,3860,3880
16/1/2020,6850,4570,3770,3850
15/1/2020,6825,4580,3820,3830
14/1/2020,6850,4570,3870,3920
13/1/2020,6725,4510,3860,3880
10/1/2020,6725,4410,3860,3860
9/1/2020,6725,4400,3850,3850
8/1/2020,6675,4380,3750,3710
7/1/2020,6725,4400,3800,3770
6/1/2020,6725,4370,3800,3810
3/1/2020,6800,4420,3860,3900
2/1/2020,6675,4410,3870,3880
30/12/2019,6675,4400,3830,3920
27/12/2019,6675,4430,3870,3960
26/12/2019,6675,4410,3900,3970
23/12/2019,6650,4450,3860,3960
20/12/2019,6650,4360,3850,3900
19/12/2019,6600,4350,3800,3910
18/12/2019,6750,4400,3760,3910
17/12/2019,6500,4350,3670,3850
16/12/2019,6350,4330,3670,3850
13/12/2019,6350,4280,3680,3820
12/12/2019,6325,4250,3650,3760
11/12/2019,6375,4210,3670,3760
10/12/2019,6350,4170,3680,3800
9/12/2019,6375,4180,3620,3780
6/12/2019,6375,4170,3580,3780
5/12/2019,6325,4220,3580,3720
4/12/2019,6350,4130,3530,3710
3/12/2019,6375,4170,3580,3770
2/12/2019,6425,4210,3550,3770
29/11/2019,6275,4090,3480,3750
28/11/2019,6250,4050,3380,3700
27/11/2019,6300,4170,3450,3730
26/11/2019,6275,4150,3460,3750
25/11/2019,6275,4130,3480,3750
22/11/2019,6300,4210,3530,3820
21/11/2019,6300,4220,3580,3850
20/11/2019,6350,4220,3550,3820
19/11/2019,6300,4190,3570,3800
18/11/2019,6275,4120,3480,3710
15/11/2019,6275,4090,3470,3720
14/11/2019,6250,3940,3430,3650
13/11/2019,6275,3960,3430,3670
12/11/2019,6250,4000,3510,3800
11/11/2019,6275,4000,3520,3770
8/11/2019,6275,3990,3550,3830
7/11/2019,6275,4000,3500,3800
6/11/2019,6275,4160,3480,3750
5/11/2019,6350,4300,3600,3860
4/11/2019,6275,4160,3430,3810
1/11/2019,6325,4180,3480,3830
31/10/2019,6275,4210,3510,3830
30/10/2019,6250,4250,3510,3870
29/10/2019,6200,4230,3550,3860
28/10/2019,6200,4230,3500,3880
25/10/2019,6200,4230,3500,3910
24/10/2019,6300,4300,3610,3950
23/10/2019,6275,4180,3530,3770
22/10/2019,6300,4140,3410,3660
21/10/2019,6200,4120,3400,3680
18/10/2019,6150,4170,3380,3730
17/10/2019,6100,4050,3350,3680
16/10/2019,6200,3990,3310,3620
15/10/2019,6175,3940,3280,3570
14/10/2019,6200,3920,3300,3460
11/10/2019,6125,3920,3270,3480
10/10/2019,6100,3890,3260,3370
9/10/2019,6050,3960,3210,3370
8/10/2019,6100,3930,3250,3410
7/10/2019,6050,3900,3170,3330
4/10/2019,6025,3950,3200,3430
3/10/2019,6025,3810,3200,3450
2/10/2019,6050,3930,3260,3460
1/10/2019,6025,4070,3450,3630
30/9/2019,6050,4120,3480,3670
27/9/2019,6050,4180,3480,3710
26/9/2019,6050,4210,3550,3770
25/9/2019,5925,4080,3450,3730
24/9/2019,5925,4110,3470,3720
23/9/2019,6025,4180,3500,3780
20/9/2019,5975,4160,3530,3820
19/9/2019,6025,4220,3550,3880
18/9/2019,6025,4240,3600,3950
17/9/2019,6025,4250,3480,3870
16/9/2019,6000,4190,3500,3830
13/9/2019,6025,4310,3600,3920
12/9/2019,6000,4280,3570,3930
11/9/2019,6100,4250,3570,4000
10/9/2019,6050,4190,3520,3870
9/9/2019,6025,4170,3480,3770
6/9/2019,6025,4270,3520,3800
5/9/2019,6025,4220,3480,3760
4/9/2019,6000,4160,3460,3710
3/9/2019,6050,4150,3450,3720
2/9/2019,6000,4220,3580,3810
30/8/2019,6100,4270,3620,3850
29/8/2019,6000,4200,3530,3760
28/8/2019,5975,4190,3520,3800
27/8/2019,6000,4200,3510,3780
26/8/2019,5975,4070,3520,3750
23/8/2019,5975,4080,3580,3810
22/8/2019,6000,4070,3610,3800
21/8/2019,5975,4050,3610,3780
20/8/2019,5975,4100,3680,3870
19/8/2019,6000,4180,3670,3930
16/8/2019,5950,4210,3680,3960
15/8/2019,6000,4250,3700,4010
14/8/2019,6000,4330,3750,4050
13/8/2019,6000,4280,3670,3950
12/8/2019,6025,4300,3700,3960
9/8/2019,6050,4330,3720,3960
8/8/2019,6000,4290,3750,4060
7/8/2019,6000,4250,3670,3930
6/8/2019,5875,4100,3620,3910
5/8/2019,6000,4270,3710,3960
2/8/2019,6150,4450,3830,4050
1/8/2019,6200,4450,3880,4120
31/7/2019,6175,4480,3980,4230
30/7/2019,6200,4500,3970,4170
29/7/2019,6175,4460,3900,4170
26/7/2019,6175,4440,3870,4210
25/7/2019,6250,4460,3900,4250
24/7/2019,6250,4450,3850,4210
23/7/2019,6225,4490,3850,4310
22/7/2019,6275,4500,3880,4420
19/7/2019,6200,4480,3930,4450
18/7/2019,6125,4450,3920,4430
17/7/2019,6150,4520,3980,4520
16/7/2019,6075,4550,4030,4530
15/7/2019,6100,4530,4070,4580
12/7/2019,6000,4510,4030,4600
11/7/2019,6025,4510,4000,4620
10/7/2019,6000,4470,3970,4570
9/7/2019,6000,4410,3950,4570
8/7/2019,5875,4400,3930,4480
5/7/2019,5950,4400,3910,4600
4/7/2019,5975,4390,4010,4680
3/7/2019,6000,4400,4010,4660
2/7/2019,6000,4410,4010,4670
1/7/2019,5975,4420,4000,4680
28/6/2019,5975,4360,4010,4600
27/6/2019,5925,4380,4000,4450
26/6/2019,5850,4360,3970,4420
25/6/2019,5900,4330,3970,4460
24/6/2019,5875,4310,3980,4430
21/6/2019,5875,4360,3980,4420
20/6/2019,5900,4310,3970,4400
19/6/2019,5925,4290,3980,4450
18/6/2019,5900,4260,3920,4360
17/6/2019,5775,4200,3900,4220
14/6/2019,5800,4230,3910,4250
13/6/2019,5800,4200,3910,4320
12/6/2019,5825,4210,3930,4300
11/6/2019,5900,4230,3930,4280
10/6/2019,5875,4230,3920,4330
31/5/2019,5800,4100,3830,4200
29/5/2019,5725,3940,3770,4070
28/5/2019,5725,3810,3680,4070
27/5/2019,5675,3920,3860,4350
24/5/2019,5600,3850,3850,4320
23/5/2019,5600,3850,3780,4250
22/5/2019,5450,3770,3650,4150
21/5/2019,5450,3750,3620,4300
20/5/2019,5375,3750,3610,4210
17/5/2019,5175,3790,3530,4050
16/5/2019,5275,3860,3670,4080
15/5/2019,5450,3890,3710,4110
14/5/2019,5475,4050,3720,4220
13/5/2019,5600,4100,3760,4250
10/5/2019,5600,4120,3730,4300
9/5/2019,5625,4120,3750,4280
8/5/2019,5700,4220,3760,4370
7/5/2019,5650,4250,3820,4470
6/5/2019,5600,4230,3760,4430
3/5/2019,5675,4380,3820,4620
2/5/2019,5675,4370,3850,4710
30/4/2019,5750,4370,3860,4800
29/4/2019,5675,4340,3880,4810
26/4/2019,5600,4330,3860,4820
25/4/2019,5575,4330,3820,4800
24/4/2019,5625,4400,3830,4900
23/4/2019,5625,4430,3830,4900
22/4/2019,5625,4440,3870,4830
18/4/2019,5625,4460,3900,4920
16/4/2019,5475,4340,3810,4850
15/4/2019,5500,4350,3670,4820
12/4/2019,5500,4310,3660,4820
11/4/2019,5475,4300,3700,4820
10/4/2019,5525,4320,3800,4870
9/4/2019,5525,4310,3820,4830
8/4/2019,5500,4290,3780,4770
5/4/2019,5500,4260,3770,4810
4/4/2019,5525,4220,3830,4850
2/4/2019,5500,4150,3720,4710
1/4/2019,5475,4140,3710,4700
29/3/2019,5550,4120,3720,4700
28/3/2019,5475,4100,3700,4720
27/3/2019,5450,4040,3580,4680
26/3/2019,5450,4060,3680,4680
25/3/2019,5450,4000,3610,4620
22/3/2019,5475,4060,3720,4800
21/3/2019,5475,3980,3750,4750
20/3/2019,5500,3980,3720,4670
19/3/2019,5500,3990,3700,4660
18/3/2019,5525,4040,3550,4660
15/3/2019,5500,3980,3550,4520
14/3/2019,5475,3870,3460,4420
13/3/2019,5475,3800,3360,4350
12/3/2019,5475,3830,3350,4330
11/3/2019,5500,3850,3400,4300
8/3/2019,5425,3850,3450,4330
6/3/2019,5475,3900,3530,4400
5/3/2019,5475,3860,3470,4400
4/3/2019,5525,3880,3550,4470
1/3/2019,5525,3870,3580,4480
28/2/2019,5500,3850,3560,4400
27/2/2019,5550,3870,3600,4420
26/2/2019,5550,3940,3630,4420
25/2/2019,5475,3960,3620,4400
22/2/2019,5475,3900,3550,4360
21/2/2019,5500,3910,3660,4460
20/2/2019,5500,3890,3550,4410
19/2/2019,5375,3910,3600,4430
18/2/2019,5475,3840,3630,4480
15/2/2019,5350,3770,3580,4380
14/2/2019,5375,3800,3580,4380
13/2/2019,5400,3790,3620,4320
12/2/2019,5450,3850,3710,4450
11/2/2019,5475,3870,3810,4520
8/2/2019,5500,3890,3780,4480
7/2/2019,5525,3930,3770,4530
6/2/2019,5525,3920,3730,4550
4/2/2019,5500,3900,3670,4560
1/2/2019,5625,3920,3800,4620
31/1/2019,5625,3850,3720,4530
30/1/2019,5500,3750,3620,4500
29/1/2019,5525,3690,3560,4510
28/1/2019,5475,3780,3580,4550
25/1/2019,5500,3780,3680,4550
24/1/2019,5450,3790,3730,4500
23/1/2019,5500,3770,3730,4520
22/1/2019,5600,3770,3870,4620
21/1/2019,5525,3800,3900,4610
18/1/2019,5425,3820,3930,4700
17/1/2019,5325,3810,3930,4620
16/1/2019,5275,3780,3900,4620
15/1/2019,5250,3780,3900,4500
14/1/2019,5200,3790,3850,4430
11/1/2019,5250,3730,3850,4460
10/1/2019,5250,3750,3850,4420
9/1/2019,5250,3720,3780,4420
8/1/2019,5225,3680,3670,4450
7/1/2019,5225,3660,3710,4430
4/1/2019,5200,3660,3720,4360
3/1/2019,5175,3620,3580,4360
2/1/2019,5225,3610,3660,4360
28/12/2018,5200,3660,3680,4400
27/12/2018,5175,3660,3630,4400
26/12/2018,5225,3600,3610,4350
21/12/2018,5150,3620,3610,4330
20/12/2018,5100,3650,3650,4330
19/12/2018,5225,3670,3710,4350
18/12/2018,5050,3630,3670,4310
17/12/2018,5150,3600,3700,4280
14/12/2018,5150,3680,3780,4300
13/12/2018,5150,3680,3850,4270
12/12/2018,5150,3620,3730,4220
11/12/2018,5150,3620,3720,4220
10/12/2018,5175,3610,3710,4280
7/12/2018,5175,3620,3750,4280
6/12/2018,5250,3650,3730,4320
5/12/2018,5225,3650,3780,4370
4/12/2018,5225,3710,3820,4400
3/12/2018,5150,3690,3800,4370
30/11/2018,5200,3620,3700,4250
29/11/2018,5225,3710,3820,4380
28/11/2018,5075,3650,3700,4270
27/11/2018,5100,3600,3720,4320
26/11/2018,5025,3540,3680,4210
23/11/2018,5000,3480,3650,4210
22/11/2018,5000,3550,3660,4200
21/11/2018,4960,3430,3630,4120
19/11/2018,5000,3520,3730,4200
16/11/2018,4960,3490,3720,4150
15/11/2018,4830,3410,3700,4120
14/11/2018,4810,3350,3560,4010
13/11/2018,4810,3350,3570,3950
12/11/2018,4740,3280,3480,3800
9/11/2018,4800,3340,3610,4000
8/11/2018,4800,3450,3750,3950
7/11/2018,4820,3370,3670,3900
6/11/2018,4880,3330,3670,3870
5/11/2018,4830,3270,3680,3800
2/11/2018,4800,3280,3710,3880
1/11/2018,4760,3200,3610,3710
31/10/2018,4730,3150,3420,3660
30/10/2018,4700,3030,3260,3580
29/10/2018,4620,2950,3200,3530
26/10/2018,4720,2990,3220,3550
25/10/2018,4580,3000,3230,3530
24/10/2018,4530,2950,3160,3520
23/10/2018,4590,3020,3210,3560
22/10/2018,4630,3050,3220,3580
19/10/2018,4670,3020,3220,3580
18/10/2018,4720,3090,3250,3600
17/10/2018,4800,3070,3280,3660
16/10/2018,4820,3000,3250,3620
15/10/2018,4770,3000,3180,3520
12/10/2018,4650,2950,3200,3460
11/10/2018,4540,2910,3130,3360
10/10/2018,4670,3010,3230,3470
9/10/2018,4750,3020,3170,3410
8/10/2018,4690,2970,3100,3410
5/10/2018,4610,2980,3130,3430
4/10/2018,4720,3000,3110,3450
3/10/2018,4780,3100,3250,3620
2/10/2018,4790,3110,3220,3630
1/10/2018,4790,3180,3350,3750
28/9/2018,4830,3150,3360,3700
27/9/2018,4800,3070,3310,3670
26/9/2018,4840,2990,3300,3660
25/9/2018,4780,3030,3310,3670
24/9/2018,4780,3010,3370,3680
21/9/2018,4740,3120,3420,3820
20/9/2018,4790,3090,3330,3650
19/9/2018,4800,3000,3200,3580
18/9/2018,4800,2940,3180,3610
17/9/2018,4780,2970,3220,3610
14/9/2018,4790,3070,3370,3760
13/9/2018,4800,3000,3280,3670
12/9/2018,4780,2910,3180,3560
10/9/2018,4950,2970,3280,3630
7/9/2018,4970,3030,3310,3670
6/9/2018,4940,2960,3270,3630
5/9/2018,4800,2930,3160,3530
4/9/2018,4950,3110,3280,3750
3/9/2018,4950,3170,3350,3920
31/8/2018,4960,3180,3450,3900
30/8/2018,5000,3190,3420,3810
29/8/2018,4960,3290,3500,3920
28/8/2018,4990,3330,3500,3930
27/8/2018,4950,3380,3480,3830
24/8/2018,5000,3270,3380,3710
23/8/2018,4910,3270,3420,3770
21/8/2018,4770,3150,3350,3680
20/8/2018,4780,3180,3360,3630
16/8/2018,4670,3050,3350,3530
15/8/2018,4690,3210,3400,3680
14/8/2018,4700,3130,3360,3650
13/8/2018,4660,3140,3460,3700
10/8/2018,4770,3390,3670,3980
9/8/2018,4820,3330,3630,3970
8/8/2018,4780,3330,3660,4050
7/8/2018,4760,3350,3600,4050
6/8/2018,4760,3410,3650,4100
3/8/2018,4690,3330,3600,3950
2/8/2018,4690,3250,3520,3900
1/8/2018,4690,3190,3500,3910
31/7/2018,4650,3070,3320,3700
30/7/2018,4650,3080,3360,3750
27/7/2018,4640,3090,3280,3720
26/7/2018,4660,3040,3270,3780
25/7/2018,4710,2990,3230,3650
24/7/2018,4700,3010,3260,3670
23/7/2018,4670,3040,3200,3650
20/7/2018,4620,2980,3170,3620
19/7/2018,4640,2890,3180,3680
18/7/2018,4640,2850,3200,3680
17/7/2018,4540,2870,3160,3710
16/7/2018,4620,2970,3270,3670
13/7/2018,4600,2970,3300,3620
12/7/2018,4560,2970,3220,3510
11/7/2018,4460,2990,3170,3580
10/7/2018,4380,3050,3220,3650
9/7/2018,4380,3010,3210,3600
6/7/2018,4180,2840,3150,3470
5/7/2018,4240,2910,3260,3550
4/7/2018,4240,2930,3300,3600
3/7/2018,4120,2830,3160,3470
2/7/2018,4290,2850,3260,3520
29/6/2018,4290,2840,3420,3520
28/6/2018,4190,2750,3250,3400
27/6/2018,4270,2840,3300,3520
26/6/2018,4270,2820,3310,3570
25/6/2018,4440,2890,3350,3650
22/6/2018,4380,2980,3350,3700
21/6/2018,4230,2910,3350,3700
20/6/2018,4300,2960,3350,3760
8/6/2018,4450,3140,3470,4020
7/6/2018,4590,3270,3680,4220
6/6/2018,4600,3150,3660,4120
5/6/2018,4540,3110,3670,4130
4/6/2018,4580,3130,3680,4230
31/5/2018,4540,3080,3520,4230
30/5/2018,4540,3140,3620,4320
28/5/2018,4570,3250,3680,4280
25/5/2018,4510,3120,3500,3980
24/5/2018,4490,3060,3500,3830
23/5/2018,4400,2880,3380,3600
22/5/2018,4400,2720,3260,3560
21/5/2018,4330,2760,3330,3650
18/5/2018,4340,2940,3400,3780
17/5/2018,4400,2990,3350,3900
16/5/2018,4470,3070,3420,4000
15/5/2018,4440,3070,3420,4030
14/5/2018,4590,3190,3600,4100
11/5/2018,4550,3160,3600,4130
9/5/2018,4580,3210,3580,4020
8/5/2018,4400,3070,3400,3660
7/5/2018,4460,3050,3400,3660
4/5/2018,4400,3030,3310,3730
3/5/2018,4460,3150,3420,3860
2/5/2018,4580,3230,3600,4000
30/4/2018,4420,3220,3560,4020
27/4/2018,4300,3150,3460,4070
26/4/2018,4270,3140,3380,3950
25/4/2018,4350,3310,3570,4110
24/4/2018,4580,3490,3860,4180
23/4/2018,4600,3580,4000,4360
20/4/2018,4640,3660,4000,4360
19/4/2018,4620,3630,4020,4400
18/4/2018,4590,3660,4020,4380
17/4/2018,4550,3590,3950,4470
16/4/2018,4550,3560,4030,4450
13/4/2018,4580,3550,4010,4410
12/4/2018,4630,3590,4010,4320
11/4/2018,4660,3650,4020,4280
10/4/2018,4660,3580,3930,4360
9/4/2018,4550,3530,3780,4250
6/4/2018,4540,3480,3770,4150
5/4/2018,4610,3470,3820,4100
4/4/2018,4660,3490,3800,4130
3/4/2018,4680,3600,3900,4310
2/4/2018,4680,3600,3910,4360
29/3/2018,4660,3600,3830,4330
28/3/2018,4660,3550,3900,4320
27/3/2018,4690,3600,4000,4600
26/3/2018,4650,3600,4030,4570
23/3/2018,4760,3600,4020,4360
22/3/2018,4690,3670,4000,4450
21/3/2018,4670,3810,4100,4630
20/3/2018,4650,3740,4050,4620
19/3/2018,4670,3690,4030,4800
16/3/2018,4670,3680,3960,4760
15/3/2018,4670,3640,4000,4700
14/3/2018,4680,3750,4100,4720
13/3/2018,4690,3760,4080,4620
12/3/2018,4720,3760,4160,4670
9/3/2018,4660,3690,4050,4700
8/3/2018,4660,3770,4050,4670
7/3/2018,4520,3660,3960,4530
6/3/2018,4550,3730,4020,4580
5/3/2018,4570,3770,4110,4770
2/3/2018,4570,3790,4230,4760
1/3/2018,4630,3790,4180,4810
28/2/2018,4630,3780,4150,4860
27/2/2018,4710,3770,4210,4910
26/2/2018,4700,3740,4150,4910
23/2/2018,4850,3790,4270,4920
22/2/2018,4780,3770,4310,4880
21/2/2018,4800,3800,4400,5075
20/2/2018,4800,3800,4520,4960
19/2/2018,4850,3860,4230,4930
15/2/2018,4690,3840,4150,4810
14/2/2018,4740,3860,4150,4850
13/2/2018,4760,3880,4130,4850
12/2/2018,4700,3800,4100,4760
9/2/2018,4710,3710,4110,4710
8/2/2018,4740,3720,4080,4750
7/2/2018,4700,3700,4060,4770
6/2/2018,4700,3680,4010,4530
5/2/2018,4760,3780,4060,4630
2/2/2018,4790,3740,4060,4650
1/2/2018,4670,3700,4100,4660
31/1/2018,4540,3700,4070,4700
30/1/2018,4560,3720,4020,4610
29/1/2018,4560,3800,4080,4750
26/1/2018,4540,3850,4100,4800
25/1/2018,4510,3770,4070,4800
24/1/2018,4510,3830,4120,4860
23/1/2018,4530,3920,4080,4820
22/1/2018,4490,3650,4030,4700
19/1/2018,4490,3620,4030,4710
18/1/2018,4510,3620,4060,4750
17/1/2018,4430,3630,4050,4800
16/1/2018,4520,3610,4110,4800
15/1/2018,4490,3550,4100,4750
12/1/2018,4480,3540,4050,4630
11/1/2018,4540,3540,4030,4630
10/1/2018,4490,3530,3950,4630
9/1/2018,4500,3570,3950,4650
8/1/2018,4470,3590,3960,4650
5/1/2018,4450,3590,3910,4650
4/1/2018,4440,3550,3910,4700
3/1/2018,4380,3610,3850,4710
2/1/2018,4380,3630,3920,4880
29/12/2017,4380,3640,4000,4950
28/12/2017,4380,3630,3970,4960
27/12/2017,4300,3550,4000,4950
22/12/2017,4300,3460,3830,4920
21/12/2017,4220,3420,3810,4920
20/12/2017,4180,3400,3720,4760
19/12/2017,4220,3440,3730,4760
18/12/2017,4220,3390,3750,4650
15/12/2017,4220,3390,3710,4680
14/12/2017,4220,3460,3730,4610
13/12/2017,4180,3450,3730,4550
12/12/2017,4250,3450,3720,4400
11/12/2017,4210,3440,3730,4450
8/12/2017,4220,3370,3730,4420
7/12/2017,4190,3380,3670,4260
6/12/2017,4260,3460,3730,4260
5/12/2017,4200,3350,3730,4220
4/12/2017,4160,3300,3720,4110
30/11/2017,4070,3210,3700,4050
29/11/2017,4230,3300,3700,4200
28/11/2017,4260,3380,3710,4200
27/11/2017,4260,3300,3710,4070
24/11/2017,4200,3350,3720,4110
23/11/2017,4200,3360,3720,4110
22/11/2017,4230,3400,3680,4120
21/11/2017,4220,3280,3700,3960
20/11/2017,4200,3340,3710,3980
17/11/2017,4230,3290,3660,4080
16/11/2017,4200,3210,3550,3930
15/11/2017,4200,3140,3480,3830
14/11/2017,4090,3170,3470,3930
13/11/2017,4090,3260,3520,3920
10/11/2017,4130,3280,3520,3980
9/11/2017,4160,3290,3530,3980
8/11/2017,4160,3290,3580,3930
7/11/2017,4210,3240,3560,3970
6/11/2017,4200,3250,3610,3850
3/11/2017,4200,3200,3620,3870
2/11/2017,4290,3190,3630,3910
1/11/2017,4260,3140,3550,3960
31/10/2017,4180,3120,3520,3800
30/10/2017,4080,3110,3530,3800
27/10/2017,4060,3120,3470,3850
26/10/2017,4150,3120,3510,3800
25/10/2017,4210,3120,3500,3800
24/10/2017,4120,3090,3410,3770
23/10/2017,4200,3120,3470,3770
20/10/2017,4070,3120,3550,3820
19/10/2017,4060,3100,3480,3830
18/10/2017,4040,3080,3530,3820
17/10/2017,4100,3080,3510,3770
16/10/2017,4140,3070,3460,3760
13/10/2017,4130,3070,3380,3810
12/10/2017,4160,3070,3410,3750
11/10/2017,4070,3050,3360,3650
10/10/2017,4070,3050,3350,3650
9/10/2017,4070,3070,3300,3680
6/10/2017,4090,3070,3300,3710
5/10/2017,4050,3060,3300,3750
4/10/2017,4060,3050,3320,3810
3/10/2017,4070,3060,3350,3820
2/10/2017,4060,3050,3350,3730
29/9/2017,4060,3050,3360,3700
28/9/2017,3960,2940,3280,3650
27/9/2017,3950,3050,3300,3630
26/9/2017,3930,3110,3270,3700
25/9/2017,3930,3130,3280,3750
22/9/2017,3970,3130,3300,3730
20/9/2017,3810,3000,3300,3680
19/9/2017,3810,3000,3300,3670
18/9/2017,3790,3000,3280,3620
15/9/2017,3770,2970,3310,3630
14/9/2017,3820,2960,3270,3620
13/9/2017,3810,2980,3280,3620
12/9/2017,3800,2980,3300,3620
11/9/2017,3780,2990,3300,3610
8/9/2017,3770,3000,3310,3610
7/9/2017,3790,3000,3250,3650
6/9/2017,3780,2970,3230,3600
5/9/2017,3800,3000,3260,3610
4/9/2017,3770,2970,3260,3600
31/8/2017,3790,3020,3270,3670
30/8/2017,3820,3010,3270,3670
29/8/2017,3810,2990,3270,3670
28/8/2017,3810,3040,3300,3680
25/8/2017,3820,3060,3280,3710
24/8/2017,3790,3040,3300,3710
23/8/2017,3830,3060,3310,3700
22/8/2017,3760,3060,3310,3700
21/8/2017,3760,3050,3300,3700
18/8/2017,3740,3030,3270,3700
16/8/2017,3780,3050,3320,3700
15/8/2017,3730,3010,3320,3700
14/8/2017,3750,3010,3310,3650
11/8/2017,3730,3000,3300,3630
10/8/2017,3760,3000,3320,3630
9/8/2017,3790,3000,3350,3630
8/8/2017,3800,2990,3350,3610
7/8/2017,3720,2980,3280,3580
4/8/2017,3710,2980,3260,3630
3/8/2017,3750,2970,3270,3580
2/8/2017,3780,2990,3310,3630
1/8/2017,3780,2960,3350,3620
31/7/2017,3740,2950,3410,3720
28/7/2017,3760,2900,3330,3670
27/7/2017,3760,2940,3330,3650
26/7/2017,3750,2950,3330,3570
25/7/2017,3710,2960,3330,3550
24/7/2017,3710,2930,3310,3520
21/7/2017,3640,2930,3260,3470
20/7/2017,3690,2940,3370,3470
19/7/2017,3690,2940,3320,3500
18/7/2017,3670,2980,3370,3500
17/7/2017,3660,3000,3380,3510
14/7/2017,3680,2960,3380,3550
13/7/2017,3700,2980,3350,3510
12/7/2017,3680,2960,3300,3500
11/7/2017,3660,2920,3230,3450
10/7/2017,3660,2940,3270,3420
7/7/2017,3700,3010,3310,3360
6/7/2017,3640,3010,3320,3380
5/7/2017,3670,3040,3320,3320
4/7/2017,3710,3060,3370,3280
3/7/2017,3700,3100,3370,3300
22/6/2017,3630,3050,3180,3300
21/6/2017,3640,3060,3170,3310
20/6/2017,3620,2990,3120,3350
19/6/2017,3580,2960,3110,3270
16/6/2017,3560,2930,3110,3250
15/6/2017,3610,2930,3120,3280
14/6/2017,3590,2970,3120,3250
13/6/2017,3570,2890,3060,3220
12/6/2017,3550,2920,3050,3220
9/6/2017,3540,2870,3050,3200
8/6/2017,3580,2930,3070,3220
7/6/2017,3560,2980,3100,3230
6/6/2017,3510,2930,3120,3250
5/6/2017,3540,3000,3160,3230
2/6/2017,3510,2950,3150,3220
31/5/2017,3430,2890,3150,3270
30/5/2017,3520,2840,3100,3260
29/5/2017,3550,2840,3080,3260
26/5/2017,3510,2840,3030,3230
24/5/2017,3490,2830,3100,3260
23/5/2017,3540,2890,3060,3280
22/5/2017,3530,2920,3120,3410
19/5/2017,3580,2900,3220,3350
18/5/2017,3480,2820,3030,3260
17/5/2017,3390,2820,3000,3250
16/5/2017,3480,2800,2980,3270
15/5/2017,3650,2860,3020,3260
12/5/2017,3600,2800,3000,3330
10/5/2017,3580,2790,3000,3280
9/5/2017,3600,2800,3000,3320
8/5/2017,3590,2820,3010,3360
5/5/2017,3550,2780,2980,3280
4/5/2017,3560,2780,2920,3310
3/5/2017,3550,2640,2880,3200
2/5/2017,3580,2610,2910,3210
28/4/2017,3550,2580,2920,3180
27/4/2017,3500,2600,2920,3180
26/4/2017,3600,2640,2950,3200
25/4/2017,3480,2620,2880,3100
21/4/2017,3490,2580,2850,3070
20/4/2017,3460,2550,2870,3120
18/4/2017,3380,2570,2930,3170
17/4/2017,3380,2480,2900,3120
13/4/2017,3470,2540,2910,3130
12/4/2017,3530,2550,2920,3180
11/4/2017,3490,2580,2930,3180
10/4/2017,3470,2620,3010,3220
7/4/2017,3470,2610,3050,3230
6/4/2017,3460,2630,3100,3350
5/4/2017,3400,2600,2970,3280
4/4/2017,3350,2600,2930,3270
3/4/2017,3310,2600,2930,3220
31/3/2017,3310,2590,2920,3230
30/3/2017,3360,2590,2930,3180
29/3/2017,3340,2560,2930,3300
27/3/2017,3310,2550,2920,3260
24/3/2017,3310,2630,2970,3400
23/3/2017,3320,2630,2970,3450
22/3/2017,3260,2640,2930,3300
21/3/2017,3250,2600,2950,3280
20/3/2017,3210,2600,2930,3300
17/3/2017,3190,2600,2900,3350
16/3/2017,3170,2500,2880,3300
15/3/2017,3130,2430,2860,3200
14/3/2017,3130,2410,2850,3180
13/3/2017,3110,2410,2850,3170
10/3/2017,3120,2410,2850,3150
9/3/2017,3120,2410,2830,3200
8/3/2017,3100,2400,2820,3130
7/3/2017,3090,2400,2820,3150
6/3/2017,3090,2390,2820,3150
3/3/2017,3090,2370,2830,3170
2/3/2017,3100,2370,2820,3110
1/3/2017,3100,2390,2830,3110
28/2/2017,3090,2390,2820,3120
27/2/2017,3100,2370,2780,3080
24/2/2017,3100,2390,2770,3170
23/2/2017,3100,2380,2780,3160
22/2/2017,3100,2400,2820,3130
21/2/2017,3100,2380,2780,3130
20/2/2017,3090,2350,2810,3130
17/2/2017,3090,2340,2760,3150
16/2/2017,3100,2400,2800,3100
14/2/2017,3100,2400,2850,3150
13/2/2017,3100,2410,2860,3150
10/2/2017,3000,2400,2850,3120
9/2/2017,3120,2390,2860,3100
8/2/2017,3120,2390,2800,3060
7/2/2017,3120,2400,2850,3050
6/2/2017,3120,2410,2830,3010
3/2/2017,3090,2400,2760,2980
2/2/2017,3090,2390,2750,3010
1/2/2017,3080,2390,2730,2970
31/1/2017,3060,2340,2720,2850
30/1/2017,3090,2350,2750,2860
27/1/2017,3080,2340,2730,2870
26/1/2017,3060,2350,2720,2800
25/1/2017,2990,2340,2750,2750
24/1/2017,3010,2360,2750,2770
23/1/2017,3010,2360,2730,2760
20/1/2017,3050,2360,2750,2720
19/1/2017,3070,2400,2760,2720
18/1/2017,3060,2390,2760,2780
17/1/2017,3030,2380,2720,2760
16/1/2017,3030,2380,2720,2730
13/1/2017,3050,2390,2770,2730
12/1/2017,3060,2370,2820,2770
11/1/2017,3060,2360,2830,2800
10/1/2017,3080,2360,2850,2800
9/1/2017,3070,2350,2810,2770
6/1/2017,3120,2420,2830,2800
5/1/2017,3130,2420,2810,2810
4/1/2017,3140,2440,2830,2800
3/1/2017,3150,2380,2820,2730
30/12/2016,3100,2330,2880,2760
29/12/2016,3070,2330,2880,2730
28/12/2016,2940,2270,2780,2680
27/12/2016,2960,2200,2700,2620
23/12/2016,2890,2170,2680,2620
22/12/2016,2910,2170,2680,2650
21/12/2016,2930,2200,2680,2670
20/12/2016,2950,2240,2700,2700
19/12/2016,2940,2250,2700,2710
16/12/2016,2960,2250,2680,2670
15/12/2016,2950,2280,2700,2700
14/12/2016,2950,2300,2710,2730
13/12/2016,2940,2340,2700,2730
9/12/2016,2940,2290,2730,2730
8/12/2016,2940,2300,2730,2710
7/12/2016,2930,2280,2670,2670
6/12/2016,2930,2260,2660,2680
5/12/2016,2930,2220,2660,2660
2/12/2016,2930,2260,2670,2650
1/12/2016,2900,2210,2620,2630
30/11/2016,2860,2180,2620,2580
29/11/2016,2870,2110,2570,2550
28/11/2016,2870,2090,2530,2530
25/11/2016,2900,2180,2530,2510
24/11/2016,2910,2260,2520,2500
23/11/2016,2940,2300,2720,2560
22/11/2016,2930,2290,2720,2620
21/11/2016,2940,2290,2670,2600
18/11/2016,2940,2300,2720,2610
17/11/2016,2950,2300,2720,2610
16/11/2016,2940,2300,2700,2610
15/11/2016,2910,2200,2630,2500
14/11/2016,2870,2220,2570,2560
11/11/2016,2930,2390,2710,2570
10/11/2016,3040,2540,2850,2780
9/11/2016,3060,2520,2830,2780
8/11/2016,3100,2570,2880,2860
7/11/2016,3080,2490,2830,2780
4/11/2016,3100,2480,2770,2800
3/11/2016,3080,2460,2780,2730
2/11/2016,3090,2480,2870,2760
1/11/2016,3090,2440,2850,2760
31/10/2016,3100,2440,2860,2780
28/10/2016,3120,2440,2830,2760
27/10/2016,3100,2440,2820,2760
26/10/2016,3100,2410,2760,2720
25/10/2016,3100,2430,2780,2730
24/10/2016,3130,2440,2800,2720
21/10/2016,3160,2440,2800,2710
20/10/2016,3150,2420,2820,2720
19/10/2016,3190,2430,2830,2700
18/10/2016,3210,2440,2850,2700
17/10/2016,3180,2430,2830,2750
14/10/2016,3160,2440,2830,2730
13/10/2016,3090,2390,2760,2680
12/10/2016,3120,2400,2750,2580
11/10/2016,3160,2390,2710,2600
10/10/2016,3140,2370,2720,2650
7/10/2016,3160,2390,2720,2650
6/10/2016,3150,2480,2730,2700
5/10/2016,3160,2460,2750,2760
4/10/2016,3190,2450,2800,2780
3/10/2016,3190,2450,2810,2810
30/9/2016,3140,2440,2800,2770
29/9/2016,3140,2440,2850,2800
28/9/2016,3080,2420,2820,2810
27/9/2016,3200,2420,2930,2800
26/9/2016,3070,2400,2910,2760
23/9/2016,3090,2410,2870,2760
22/9/2016,3070,2410,2910,2780
21/9/2016,3030,2400,2830,2730
20/9/2016,3020,2400,2850,2720
19/9/2016,3050,2370,2800,2650
16/9/2016,3020,2380,2760,2730
15/9/2016,3020,2390,2730,2760
14/9/2016,2990,2340,2650,2750
13/9/2016,3000,2330,2660,2810
9/9/2016,3010,2350,2710,2830
8/9/2016,3030,2390,2800,2900
7/9/2016,3040,2390,2810,2910
6/9/2016,3000,2370,2780,2920
5/9/2016,3000,2360,2780,2910
2/9/2016,3000,2320,2780,2910
1/9/2016,3000,2340,2760,2920
31/8/2016,3010,2330,2800,2930
30/8/2016,3000,2300,2810,2910
29/8/2016,3000,2300,2780,2900
26/8/2016,3040,2350,2850,2910
25/8/2016,3050,2370,2850,2920
24/8/2016,3060,2330,2830,2910
23/8/2016,3050,2310,2820,2900
22/8/2016,3060,2370,2850,2880
19/8/2016,3060,2400,2860,2920
18/8/2016,3040,2420,2850,2930
16/8/2016,3020,2420,2820,2900
15/8/2016,3010,2400,2780,2820
12/8/2016,3000,2390,2760,2810
11/8/2016,2990,2380,2780,2810
10/8/2016,2990,2400,2880,2850
9/8/2016,3000,2400,2950,2900
8/8/2016,3020,2430,2910,2920
5/8/2016,3020,2390,2850,2820
4/8/2016,3000,2360,2630,2720
3/8/2016,2990,2330,2600,2710
2/8/2016,3000,2350,2660,2730
1/8/2016,2970,2340,2630,2760
29/7/2016,2890,2300,2520,2670
28/7/2016,2880,2280,2520,2700
27/7/2016,2910,2320,2520,2680
26/7/2016,2870,2310,2460,2610
25/7/2016,2900,2270,2480,2580
22/7/2016,2900,2280,2480,2650
21/7/2016,2910,2300,2520,2780
20/7/2016,2890,2370,2600,2820
19/7/2016,2860,2360,2520,2800
18/7/2016,2790,2290,2410,2730
15/7/2016,2800,2300,2410,2720
14/7/2016,2770,2270,2400,2650
13/7/2016,2760,2310,2470,2700
12/7/2016,2750,2300,2530,2710
11/7/2016,2700,2270,2420,2650
1/7/2016,2640,2150,2350,2570
30/6/2016,2660,2160,2380,2600
29/6/2016,2660,2130,2400,2600
28/6/2016,2600,2070,2360,2470
27/6/2016,2560,2040,2250,2420
24/6/2016,2550,2060,2260,2440
23/6/2016,2590,2080,2260,2440
22/6/2016,2580,2100,2250,2460
21/6/2016,2560,2080,2250,2420
20/6/2016,2560,2060,2260,2360
17/6/2016,2580,2050,2230,2330
16/6/2016,2600,2040,2230,2330
15/6/2016,2580,2010,2250,2360
14/6/2016,2570,1995,2240,2330
13/6/2016,2550,2020,2260,2340
10/6/2016,2580,2060,2310,2380
9/6/2016,2600,2070,2310,2380
8/6/2016,2620,2130,2370,2410
7/6/2016,2620,2130,2360,2410
6/6/2016,2620,2120,2310,2380
3/6/2016,2620,2080,2280,2350
2/6/2016,2630,2050,2300,2340
1/6/2016,2630,2090,2300,2380
31/5/2016,2600,2070,2250,2400
30/5/2016,2640,2120,2310,2360
27/5/2016,2600,2080,2260,2310
26/5/2016,2600,2060,2250,2270
25/5/2016,2600,1985,2260,2250
24/5/2016,2590,1965,2210,2220
23/5/2016,2620,1985,2210,2210
20/5/2016,2600,1960,2170,2190
19/5/2016,2590,1935,2230,2180
18/5/2016,2600,1905,2200,2200
17/5/2016,2600,1940,2180,2150
16/5/2016,2600,1990,2250,2200
13/5/2016,2630,1975,2320,2240
12/5/2016,2630,1980,2370,2290
11/5/2016,2630,2000,2400,2340
10/5/2016,2630,2010,2360,2280
9/5/2016,2620,2000,2320,2240
4/5/2016,2620,2070,2420,2310
3/5/2016,2610,2100,2460,2310
2/5/2016,2620,2050,2380,2240
29/4/2016,2610,2070,2410,2290
28/4/2016,2600,2070,2450,2310
27/4/2016,2610,2040,2400,2300
26/4/2016,2590,2040,2370,2320
25/4/2016,2620,2100,2410,2390
22/4/2016,2620,2180,2490,2440
21/4/2016,2620,2140,2460,2460
20/4/2016,2620,2090,2430,2450
19/4/2016,2600,2030,2400,2450
18/4/2016,2610,2040,2420,2510
15/4/2016,2620,2010,2310,2420
14/4/2016,2600,2040,2410,2510
13/4/2016,2620,2120,2400,2520
12/4/2016,2610,2120,2380,2550
11/4/2016,2590,2090,2380,2530
8/4/2016,2610,2160,2460,2600
7/4/2016,2620,2220,2570,2630
6/4/2016,2610,2230,2580,2600
5/4/2016,2660,2220,2580,2600
4/4/2016,2660,2220,2530,2560
1/4/2016,2660,2220,2520,2550
31/3/2016,2660,2280,2570,2600
30/3/2016,2620,2230,2580,2580
29/3/2016,2610,2190,2550,2520
28/3/2016,2630,2220,2510,2550
24/3/2016,2660,2250,2550,2570
23/3/2016,2700,2250,2560,2650
22/3/2016,2730,2230,2570,2680
21/3/2016,2750,2230,2530,2680
18/3/2016,2740,2220,2520,2680
17/3/2016,2740,2200,2520,2680
16/3/2016,2720,2210,2530,2670
15/3/2016,2710,2210,2530,2670
14/3/2016,2700,2230,2530,2660
11/3/2016,2690,2220,2530,2670
10/3/2016,2680,2200,2520,2620
8/3/2016,2680,2260,2500,2630
7/3/2016,2710,2280,2490,2650
4/3/2016,2710,2270,2440,2630
3/3/2016,2700,2230,2420,2570
2/3/2016,2690,2190,2400,2500
1/3/2016,2680,2140,2360,2490
29/2/2016,2690,2210,2380,2530
26/2/2016,2670,2170,2360,2510
25/2/2016,2610,2090,2330,2500
24/2/2016,2600,2130,2350,2560
23/2/2016,2620,2120,2310,2470
22/2/2016,2630,2190,2350,2500
19/2/2016,2610,2290,2320,2550
18/2/2016,2680,2400,2430,2720
17/2/2016,2680,2390,2420,2730
16/2/2016,2680,2380,2430,2700
15/2/2016,2670,2370,2450,2700
12/2/2016,2650,2360,2430,2630
11/2/2016,2670,2370,2500,2700
10/2/2016,2650,2350,2450,2660
9/2/2016,2660,2390,2510,2650
5/2/2016,2680,2460,2580,2630
4/2/2016,2630,2280,2400,2470
3/2/2016,2610,2180,2340,2430
2/2/2016,2620,2200,2370,2440
1/2/2016,2640,2240,2400,2440
29/1/2016,2620,2240,2400,2450
28/1/2016,2630,2250,2370,2480
27/1/2016,2620,2270,2380,2470
26/1/2016,2600,2260,2380,2460
25/1/2016,2620,2280,2380,2510
22/1/2016,2600,2250,2340,2500
21/1/2016,2590,2160,2320,2430
20/1/2016,2600,2200,2330,2420
19/1/2016,2610,2300,2340,2480
18/1/2016,2590,2280,2310,2460
15/1/2016,2600,2290,2310,2480
14/1/2016,2600,2340,2330,2510
13/1/2016,2630,2320,2330,2490
12/1/2016,2620,2320,2300,2460
11/1/2016,2550,2270,2270,2460
8/1/2016,2600,2320,2310,2500
7/1/2016,2600,2250,2270,2490
6/1/2016,2640,2300,2330,2520
5/1/2016,2670,2310,2340,2470
4/1/2016,2640,2290,2310,2440
30/12/2015,2660,2280,2310,2490
29/12/2015,2650,2280,2280,2490
28/12/2015,2660,2280,2250,2500
23/12/2015,2630,2220,2210,2440
22/12/2015,2640,2210,2210,2450
21/12/2015,2630,2220,2210,2420
18/12/2015,2640,2170,2180,2480
17/12/2015,2720,2310,2270,2520
16/12/2015,2690,2270,2230,2500
15/12/2015,2620,2150,2180,2390
14/12/2015,2640,2130,2150,2400
11/12/2015,2640,2160,2180,2460
10/12/2015,2700,2170,2210,2500
8/12/2015,2600,2180,2250,2490
7/12/2015,2640,2210,2270,2500
4/12/2015,2620,2260,2180,2470
3/12/2015,2660,2250,2200,2490
2/12/2015,2660,2250,2220,2490
1/12/2015,2650,2250,2220,2480
30/11/2015,2470,2150,2120,2380
27/11/2015,2630,2260,2240,2490
26/11/2015,2700,2290,2310,2560
25/11/2015,2700,2290,2230,2580
24/11/2015,2690,2210,2170,2570
23/11/2015,2660,2200,2180,2600
20/11/2015,2630,2200,2160,2600
19/11/2015,2590,2190,2190,2600
18/11/2015,2610,2190,2150,2510
17/11/2015,2620,2180,2150,2500
16/11/2015,2580,2100,2120,2410
13/11/2015,2580,2100,2160,2420
12/11/2015,2590,2100,2090,2480
11/11/2015,2590,2090,2040,2400
10/11/2015,2580,2090,2100,2410
9/11/2015,2620,2110,2170,2430
6/11/2015,2710,2140,2240,2400
5/11/2015,2710,2140,2240,2470
4/11/2015,2680,2210,2270,2500
3/11/2015,2630,2140,2210,2470
2/11/2015,2550,2050,2130,2400
30/10/2015,2580,2100,2170,2370
29/10/2015,2630,2150,2250,2400
28/10/2015,2710,2220,2360,2510
27/10/2015,2730,2320,2410,2580
26/10/2015,2730,2320,2390,2650
23/10/2015,2690,2240,2350,2630
22/10/2015,2680,2140,2290,2610
21/10/2015,2660,2110,2300,2610
20/10/2015,2640,2120,2310,2600
19/10/2015,2620,2080,2280,2560
16/10/2015,2560,2060,2230,2550
15/10/2015,2590,2020,2220,2510
13/10/2015,2590,2000,2230,2410
12/10/2015,2670,2160,2290,2510
9/10/2015,2640,2110,2270,2510
8/10/2015,2620,1995,2220,2410
7/10/2015,2600,1970,2230,2350
6/10/2015,2590,1890,2220,2260
5/10/2015,2510,1825,2050,2200
2/10/2015,2370,1735,1915,2070
1/10/2015,2400,1745,1990,2090
30/9/2015,2450,1730,1980,2060
29/9/2015,2380,1670,1940,2030
28/9/2015,2290,1660,1880,1970
25/9/2015,2360,1710,1930,2050
23/9/2015,2370,1760,2010,2140
22/9/2015,2430,1870,2150,2150
21/9/2015,2430,1905,2150,2160
18/9/2015,2450,1955,2160,2140
17/9/2015,2440,2000,2160,2170
16/9/2015,2370,1920,2160,2150
15/9/2015,2390,1925,2170,2180
14/9/2015,2420,1925,2160,2220
11/9/2015,2380,1920,2160,2200
10/9/2015,2380,1930,2150,2240
9/9/2015,2380,1985,2170,2330
8/9/2015,2360,1985,2200,2350
7/9/2015,2380,1955,2180,2240
4/9/2015,2450,2010,2200,2300
3/9/2015,2460,2030,2200,2340
2/9/2015,2450,2040,2200,2350
1/9/2015,2510,2020,2180,2380
31/8/2015,2580,2120,2270,2470
28/8/2015,2570,2080,2260,2500
27/8/2015,2520,2100,2250,2470
26/8/2015,2370,1950,2130,2250
25/8/2015,2320,1900,2120,2170
24/8/2015,2260,1830,2040,2060
21/8/2015,2370,1900,2120,2150
20/8/2015,2450,1945,2170,2210
19/8/2015,2540,1980,2170,2210
18/8/2015,2590,1960,2200,2170
14/8/2015,2650,2040,2250,2280
13/8/2015,2640,2000,2270,2310
12/8/2015,2630,1940,2200,2250
11/8/2015,2710,2030,2280,2330
10/8/2015,2770,2110,2380,2440
7/8/2015,2750,2110,2410,2500
6/8/2015,2760,2150,2450,2580
5/8/2015,2740,2160,2450,2550
4/8/2015,2660,2080,2380,2390
3/8/2015,2650,2090,2420,2400
31/7/2015,2620,2000,2380,2380
30/7/2015,2560,1870,2380,2240
29/7/2015,2570,1900,2370,2320
28/7/2015,2600,1880,2340,2370
27/7/2015,2690,1955,2380,2420
24/7/2015,2740,2020,2500,2500
23/7/2015,2750,2050,2520,2550
22/7/2015,2710,2070,2600,2580
15/7/2015,2700,2020,2500,2530
14/7/2015,2720,2100,2520,2650
13/7/2015,2700,2090,2510,2730
10/7/2015,2660,2090,2500,2720
9/7/2015,2650,2060,2470,2670
8/7/2015,2660,2040,2480,2700
7/7/2015,2640,2090,2530,2770
6/7/2015,2720,2080,2480,2720
3/7/2015,2720,2160,2530,2810
2/7/2015,2720,2170,2510,2780
1/7/2015,2700,2110,2500,2650
30/6/2015,2700,2070,2510,2650
29/6/2015,2700,2070,2500,2620
26/6/2015,2710,2090,2520,2630
25/6/2015,2690,2040,2500,2670
24/6/2015,2720,2060,2470,2750
23/6/2015,2730,2160,2510,2780
22/6/2015,2740,2190,2490,2800
19/6/2015,2740,2210,2500,2780
18/6/2015,2720,2150,2410,2760
17/6/2015,2740,2200,2450,2820
16/6/2015,2670,2110,2380,2750
15/6/2015,2660,2030,2350,2680
12/6/2015,2650,2070,2470,2810
11/6/2015,2670,2020,2410,2780
10/6/2015,2660,2080,2460,2870
9/6/2015,2660,2090,2480,2900
8/6/2015,2710,2200,2570,3010
5/6/2015,2730,2260,2660,3110
4/6/2015,2720,2220,2620,3100
3/6/2015,2720,2250,2630,3180
1/6/2015,2820,2340,2670,3320
29/5/2015,2820,2350,2680,3430
28/5/2015,2830,2360,2700,3450
27/5/2015,2850,2390,2750,3420
26/5/2015,2870,2470,2770,3470
25/5/2015,2860,2470,2780,3520
22/5/2015,2870,2520,2850,3530
21/5/2015,2820,2550,2900,3500
20/5/2015,2770,2490,2810,3380
19/5/2015,2730,2450,2800,3370
18/5/2015,2720,2400,2770,3330
15/5/2015,2700,2360,2730,3360
13/5/2015,2740,2430,2810,3410
12/5/2015,2740,2400,2810,3370
11/5/2015,2740,2350,2770,3320
8/5/2015,2750,2330,2780,3320
7/5/2015,2740,2320,2780,3350
6/5/2015,2740,2350,2850,3270
5/5/2015,2770,2340,2800,3250
4/5/2015,2740,2320,2780,3230
30/4/2015,2690,2320,2680,3210
29/4/2015,2700,2320,2630,3260
28/4/2015,2810,2370,2720,3320
27/4/2015,2840,2400,2810,3250
24/4/2015,2980,2590,2970,3470
23/4/2015,2980,2610,3000,3560
22/4/2015,2970,2630,3000,3550
21/4/2015,2980,2640,3030,3580
20/4/2015,2940,2630,3010,3580
17/4/2015,2950,2600,3000,3520
16/4/2015,2980,2620,3000,3570
15/4/2015,2950,2610,3010,3550
14/4/2015,2990,2600,2960,3550
13/4/2015,3000,2600,3010,3600
10/4/2015,3010,2600,3000,3560
9/4/2015,3010,2610,3000,3580
8/4/2015,3000,2620,3010,3610
7/4/2015,3060,2630,3030,3630
6/4/2015,3030,2600,3030,3580
2/4/2015,2960,2600,3060,3600
1/4/2015,2960,2600,3060,3620
31/3/2015,2960,2650,3110,3610
30/3/2015,2900,2600,3020,3500
27/3/2015,2890,2610,2980,3550
26/3/2015,2900,2620,3010,3550
25/3/2015,2920,2630,3000,3520
24/3/2015,2910,2600,3010,3550
23/3/2015,2890,2580,3030,3500
20/3/2015,2860,2580,3050,3470
19/3/2015,2850,2610,3050,3500
18/3/2015,2840,2590,2980,3470
17/3/2015,2820,2580,2980,3450
16/3/2015,2830,2580,3000,3460
13/3/2015,2820,2550,2970,3370
12/3/2015,2840,2580,2970,3360
11/3/2015,2850,2570,2960,3350
10/3/2015,2880,2570,3000,3370
9/3/2015,2870,2580,2950,3350
6/3/2015,2920,2610,3020,3380
5/3/2015,2900,2570,2950,3330
4/3/2015,2880,2560,2960,3320
3/3/2015,2880,2570,2970,3330
2/3/2015,2840,2590,3000,3420
27/2/2015,2820,2570,3000,3430
26/2/2015,2810,2590,2960,3460
25/2/2015,2820,2580,2970,3480
24/2/2015,2810,2560,2960,3480
23/2/2015,2800,2540,2960,3460
20/2/2015,2810,2540,3010,3450
18/2/2015,2810,2490,2970,3450
17/2/2015,2810,2400,2920,3320
16/2/2015,2800,2400,2930,3330
13/2/2015,2800,2400,2970,3330
12/2/2015,2780,2370,2930,3360
11/2/2015,2780,2340,2930,3360
10/2/2015,2750,2330,2900,3400
9/2/2015,2760,2330,2920,3430
6/2/2015,2740,2330,2830,3330
5/2/2015,2740,2340,2810,3220
4/2/2015,2780,2350,2830,3250
